"nest","prov","firstegg","jul","year"
"1000172","ON","2002-05-30",150,2002
"1000189","QC","2002-06-12",163,2002
"100034","ON","1956-06-14",165,1956
"100035","ON","1956-06-23",174,1956
"100037","ON","1957-06-01",152,1957
"100038","ON","1958-06-07",158,1958
"100041","ON","1961-06-04",155,1961
"100042","ON","1962-05-29",149,1962
"100043","ON","1962-05-24",144,1962
"100044","ON","1962-05-31",151,1962
"100045","ON","1964-05-26",146,1964
"100046","ON","1965-05-28",148,1965
"100047","ON","1965-06-02",153,1965
"100048","ON","1965-06-02",153,1965
"100049","ON","1965-06-04",155,1965
"100050","ON","1965-07-04",185,1965
"100051","ON","1965-06-07",158,1965
"100052","ON","1965-06-14",165,1965
"100053","ON","1966-06-02",153,1966
"100055","ON","1967-06-04",155,1967
"100056","ON","1967-05-31",151,1967
"1000573","ON","2002-06-05",156,2002
"1000576","ON","2002-06-05",156,2002
"1000578","ON","2002-05-31",151,2002
"100060","ON","1968-06-07",158,1968
"100061","ON","1969-05-25",145,1969
"100063","ON","1971-06-03",154,1971
"100064","ON","1971-06-12",163,1971
"100065","ON","1972-06-24",175,1972
"100066","ON","1972-06-07",158,1972
"100067","ON","1973-05-25",145,1973
"100068","ON","1973-05-29",149,1973
"100069","ON","1973-06-05",156,1973
"100070","ON","1973-05-27",147,1973
"100071","ON","1974-06-01",152,1974
"100073","ON","1975-06-01",152,1975
"100075","ON","1975-05-29",149,1975
"100076","ON","1975-06-17",168,1975
"100078","ON","1977-06-13",164,1977
"1000781","ON","2001-06-05",156,2001
"1000783","ON","2001-05-30",150,2001
"1000785","ON","2001-05-28",148,2001
"1000786","ON","2001-06-05",156,2001
"100079","ON","1977-06-04",155,1977
"100080","ON","1982-05-25",145,1982
"100081","ON","1982-05-21",141,1982
"100082","ON","1982-05-25",145,1982
"100083","ON","1982-05-28",148,1982
"100084","ON","1982-06-26",177,1982
"100086","ON","1983-06-01",152,1983
"100087","ON","1983-05-29",149,1983
"100088","ON","1983-05-18",138,1983
"100090","ON","1983-06-04",155,1983
"1000909","ON","2001-06-04",155,2001
"100091","ON","1983-06-04",155,1983
"100092","ON","1985-05-16",136,1985
"100093","ON","1985-05-21",141,1985
"100094","ON","1985-05-22",142,1985
"100095","ON","1985-05-26",146,1985
"100096","ON","1985-05-28",148,1985
"100097","ON","1985-06-30",181,1985
"100098","ON","1985-05-23",143,1985
"100099","ON","1985-06-04",155,1985
"100100","ON","1985-05-29",149,1985
"100101","ON","1985-06-11",162,1985
"100102","ON","1985-05-30",150,1985
"100103","ON","1985-06-01",152,1985
"100104","ON","1987-05-22",142,1987
"100105","ON","1987-05-26",146,1987
"100106","ON","1987-05-17",137,1987
"100107","ON","1987-05-19",139,1987
"100108","ON","1989-05-28",148,1989
"100109","ON","1989-05-28",148,1989
"100110","ON","1990-05-28",148,1990
"100111","ON","1990-05-26",146,1990
"100112","ON","1990-05-22",142,1990
"100113","ON","1991-05-21",141,1991
"100114","ON","1992-05-25",145,1992
"100115","ON","1992-05-27",147,1992
"100125","ON","1955-06-05",156,1955
"100126","ON","1957-06-21",172,1957
"100127","ON","1957-06-13",164,1957
"100128","ON","1961-05-25",145,1961
"100129","ON","1962-05-21",141,1962
"100130","ON","1962-06-02",153,1962
"100131","ON","1962-05-27",147,1962
"1001319","ON","2001-05-11",131,2001
"100132","ON","1963-06-10",161,1963
"100133","ON","1968-06-07",158,1968
"100134","ON","1968-05-29",149,1968
"100135","ON","1969-05-21",141,1969
"100136","ON","1969-05-23",143,1969
"100137","ON","1974-06-23",174,1974
"100138","ON","1977-05-16",136,1977
"100139","ON","1979-05-24",144,1979
"100140","ON","1979-05-30",150,1979
"100141","ON","1981-05-26",146,1981
"100142","ON","1981-06-04",155,1981
"100143","ON","1981-06-18",169,1981
"100151","ON","1975-06-12",163,1975
"100152","ON","1976-06-22",173,1976
"100153","ON","1976-06-19",170,1976
"100154","ON","1977-06-12",163,1977
"100155","ON","1977-06-17",168,1977
"100156","ON","1977-06-25",176,1977
"100157","ON","1977-06-03",154,1977
"100159","ON","1978-05-31",151,1978
"100160","ON","1978-06-02",153,1978
"100161","ON","1978-05-29",149,1978
"100162","ON","1978-06-11",162,1978
"100163","ON","1978-06-05",156,1978
"100164","ON","1978-05-20",140,1978
"100165","ON","1978-06-04",155,1978
"100166","ON","1978-06-18",169,1978
"100167","ON","1979-06-05",156,1979
"100168","ON","1979-06-07",158,1979
"100171","ON","1982-06-07",158,1982
"100172","ON","1982-05-28",148,1982
"100173","ON","1988-06-10",161,1988
"100174","ON","1988-06-10",161,1988
"100185","ON","1950-06-19",170,1950
"1001854","ON","2001-05-27",147,2001
"1001855","ON","2001-06-05",156,2001
"1001856","ON","2001-06-09",160,2001
"100187","ON","1963-05-31",151,1963
"100188","ON","1966-06-14",165,1966
"100189","ON","1966-06-13",164,1966
"100190","ON","1966-05-31",151,1966
"100191","ON","1959-06-04",155,1959
"100192","ON","1967-06-03",154,1967
"100193","ON","1967-06-06",157,1967
"100195","ON","1975-06-01",152,1975
"1001954","ON","2001-05-08",128,2001
"100196","ON","1976-05-22",142,1976
"100197","ON","1976-06-04",155,1976
"100200","ON","1977-06-09",160,1977
"100201","ON","1979-05-31",151,1979
"100202","ON","1982-06-09",160,1982
"100203","ON","1990-06-06",157,1990
"100205","ON","1971-06-01",152,1971
"100206","ON","1971-05-27",147,1971
"100207","ON","1975-05-21",141,1975
"100208","ON","1975-05-23",143,1975
"100212","ON","1980-05-28",148,1980
"100215","ON","1956-06-08",159,1956
"100217","ON","1961-06-05",156,1961
"100218","ON","1961-05-28",148,1961
"100219","ON","1964-05-31",151,1964
"100220","ON","1964-06-06",157,1964
"100221","ON","1964-05-20",140,1964
"100222","ON","1967-06-19",170,1967
"100223","ON","1968-06-04",155,1968
"100224","ON","1969-05-24",144,1969
"100225","ON","1969-06-10",161,1969
"100226","ON","1969-05-28",148,1969
"100227","ON","1969-05-19",139,1969
"100228","ON","1972-06-02",153,1972
"100229","ON","1974-06-02",153,1974
"100230","ON","1975-06-05",156,1975
"100231","ON","1978-06-11",162,1978
"100232","ON","1979-05-19",139,1979
"100233","ON","1980-06-18",169,1980
"100234","ON","1981-05-30",150,1981
"100235","ON","1982-05-23",143,1982
"100236","ON","1982-05-29",149,1982
"100237","ON","1983-06-03",154,1983
"100238","ON","1983-06-09",160,1983
"100239","ON","1983-06-02",153,1983
"100240","ON","1963-05-27",147,1963
"100242","ON","1964-06-09",160,1964
"100243","ON","1964-06-06",157,1964
"1002430","ON","2001-05-12",132,2001
"100245","ON","1977-06-06",157,1977
"100246","ON","1977-05-31",151,1977
"100247","ON","1977-06-07",158,1977
"100248","ON","1977-07-03",184,1977
"100249","ON","1978-06-01",152,1978
"100250","ON","1978-06-17",168,1978
"100251","ON","1978-06-01",152,1978
"100252","ON","1978-05-29",149,1978
"100253","ON","1978-05-30",150,1978
"100254","ON","1978-06-10",161,1978
"100255","ON","1978-06-04",155,1978
"100256","ON","1978-06-07",158,1978
"100257","ON","1978-06-06",157,1978
"100258","ON","1978-06-03",154,1978
"100260","ON","1979-05-28",148,1979
"100261","ON","1979-05-24",144,1979
"100262","ON","1979-06-04",155,1979
"100263","ON","1979-06-02",153,1979
"100264","ON","1979-06-01",152,1979
"100265","ON","1979-07-01",182,1979
"100266","ON","1979-06-22",173,1979
"100267","ON","1979-06-24",175,1979
"100268","ON","1979-05-28",148,1979
"100269","ON","1979-05-26",146,1979
"100270","ON","1979-06-06",157,1979
"100271","ON","1979-05-29",149,1979
"100272","ON","1979-05-23",143,1979
"100274","ON","1979-06-04",155,1979
"100275","ON","1979-05-27",147,1979
"100276","ON","1979-05-27",147,1979
"100277","ON","1979-05-18",138,1979
"100278","ON","1979-05-25",145,1979
"100279","ON","1979-06-15",166,1979
"100280","ON","1979-06-08",159,1979
"100281","ON","1979-05-22",142,1979
"100282","ON","1979-06-12",163,1979
"100283","ON","1979-06-15",166,1979
"100284","ON","1979-05-31",151,1979
"100286","ON","1979-06-12",163,1979
"100287","ON","1979-06-22",173,1979
"100288","ON","1979-06-26",177,1979
"100289","ON","1979-06-07",158,1979
"100292","ON","1980-06-04",155,1980
"100293","ON","1980-06-21",172,1980
"100294","ON","1980-06-01",152,1980
"100295","ON","1980-05-31",151,1980
"100296","ON","1980-06-01",152,1980
"100297","ON","1980-06-15",166,1980
"100298","ON","1980-06-15",166,1980
"100299","ON","1980-06-22",173,1980
"100301","ON","1980-05-27",147,1980
"100303","ON","1980-07-04",185,1980
"100306","ON","1980-05-23",143,1980
"100307","ON","1980-06-02",153,1980
"100308","ON","1980-06-01",152,1980
"100310","ON","1985-05-16",136,1985
"100311","ON","1993-05-24",144,1993
"100312","ON","1994-06-13",164,1994
"100313","ON","1974-06-13",164,1974
"100314","ON","1975-05-26",146,1975
"100315","ON","1976-06-10",161,1976
"100316","ON","1977-06-09",160,1977
"100317","ON","1977-06-06",157,1977
"100318","ON","1977-05-26",146,1977
"100319","ON","1977-05-25",145,1977
"100321","ON","1978-06-10",161,1978
"100322","ON","1978-06-09",160,1978
"100323","ON","1979-06-08",159,1979
"100325","ON","1987-05-26",146,1987
"100326","ON","1987-06-07",158,1987
"100327","ON","1963-05-30",150,1963
"100403","ON","1955-05-21",141,1955
"100404","ON","1955-05-27",147,1955
"100405","ON","1956-06-09",160,1956
"100406","ON","1966-05-22",142,1966
"100407","ON","1966-05-30",150,1966
"100408","ON","1967-06-19",170,1967
"100409","ON","1967-06-19",170,1967
"100411","ON","1970-05-31",151,1970
"100412","ON","1970-05-20",140,1970
"100413","ON","1971-06-03",154,1971
"100414","ON","1971-05-26",146,1971
"100415","ON","1971-05-25",145,1971
"100416","ON","1971-05-27",147,1971
"100417","ON","1971-05-27",147,1971
"100418","ON","1971-05-26",146,1971
"100419","ON","1971-05-26",146,1971
"100420","ON","1971-05-26",146,1971
"100421","ON","1971-05-26",146,1971
"100422","ON","1971-05-27",147,1971
"100423","ON","1971-06-04",155,1971
"100424","ON","1971-06-02",153,1971
"100425","ON","1971-05-16",136,1971
"100426","ON","1971-05-26",146,1971
"100427","ON","1971-05-16",136,1971
"100428","ON","1971-05-23",143,1971
"100429","ON","1971-05-24",144,1971
"100430","ON","1971-05-23",143,1971
"100432","ON","1975-06-04",155,1975
"100433","ON","1975-05-22",142,1975
"100435","ON","1977-05-29",149,1977
"100436","ON","1977-05-19",139,1977
"100437","ON","1977-06-11",162,1977
"100438","ON","1979-05-22",142,1979
"100440","ON","1979-06-12",163,1979
"100441","ON","1980-06-04",155,1980
"100442","ON","1980-05-31",151,1980
"100443","ON","1980-06-04",155,1980
"100444","ON","1980-06-09",160,1980
"100445","ON","1980-05-31",151,1980
"100446","ON","1981-06-06",157,1981
"100447","ON","1981-05-29",149,1981
"100448","ON","1981-06-11",162,1981
"100449","ON","1981-05-21",141,1981
"100450","ON","1981-06-07",158,1981
"100451","ON","1981-05-29",149,1981
"100452","ON","1982-06-10",161,1982
"100453","ON","1982-05-21",141,1982
"100454","ON","1982-05-27",147,1982
"100455","ON","1982-05-27",147,1982
"100456","ON","1982-06-13",164,1982
"100457","ON","1982-05-30",150,1982
"100458","ON","1984-06-19",170,1984
"100459","ON","1985-06-26",177,1985
"100460","ON","1985-06-03",154,1985
"1004605","ON","2004-06-21",172,2004
"100461","ON","1991-05-25",145,1991
"100462","ON","1991-05-23",143,1991
"100463","ON","1991-05-24",144,1991
"100464","ON","1991-06-02",153,1991
"100465","ON","1991-05-19",139,1991
"100466","ON","1992-05-22",142,1992
"100467","ON","1992-05-19",139,1992
"100468","ON","1992-05-19",139,1992
"100469","ON","1992-05-19",139,1992
"100470","ON","1993-05-19",139,1993
"100471","ON","1993-05-21",141,1993
"100472","ON","1993-06-09",160,1993
"100473","ON","1993-06-15",166,1993
"100474","ON","1993-06-09",160,1993
"100475","ON","1993-06-09",160,1993
"100476","ON","1993-06-10",161,1993
"100477","ON","1993-06-03",154,1993
"100478","ON","1994-05-22",142,1994
"100479","ON","1994-05-22",142,1994
"100480","ON","1994-05-22",142,1994
"100481","ON","1994-05-21",141,1994
"100483","ON","1994-05-21",141,1994
"100484","ON","1994-05-20",140,1994
"100487","ON","1995-05-28",148,1995
"100488","ON","1995-05-27",147,1995
"100489","ON","1995-05-28",148,1995
"100490","ON","1995-05-28",148,1995
"100491","ON","1995-05-29",149,1995
"100496","ON","1966-05-25",145,1966
"100497","ON","1967-05-31",151,1967
"100498","ON","1967-06-02",153,1967
"100499","ON","1973-06-18",169,1973
"100500","ON","1973-06-19",170,1973
"100501","ON","1979-05-29",149,1979
"100503","ON","1979-05-20",140,1979
"100504","ON","1979-05-21",141,1979
"100505","ON","1979-05-29",149,1979
"100506","ON","1980-06-13",164,1980
"100509","ON","1982-06-04",155,1982
"100510","ON","1983-06-02",153,1983
"100511","ON","1990-06-02",153,1990
"100512","ON","1993-05-28",148,1993
"100513","ON","1994-06-28",179,1994
"100514","ON","1998-05-27",147,1998
"100519","ON","1957-06-22",173,1957
"100520","ON","1968-06-10",161,1968
"100521","ON","1974-06-17",168,1974
"100522","ON","1975-06-07",158,1975
"100523","ON","1977-06-06",157,1977
"100524","ON","1982-06-18",169,1982
"100525","ON","1983-06-23",174,1983
"100527","ON","1983-06-13",164,1983
"100528","ON","1983-06-03",154,1983
"100529","ON","1985-06-08",159,1985
"100530","ON","1986-06-09",160,1986
"100531","ON","1994-07-04",185,1994
"100532","ON","1995-06-13",164,1995
"100533","ON","1996-06-23",174,1996
"100534","ON","1997-06-11",162,1997
"100535","ON","1955-06-07",158,1955
"100536","ON","1956-06-14",165,1956
"100537","ON","1957-06-05",156,1957
"100538","ON","1957-06-04",155,1957
"100539","ON","1958-06-04",155,1958
"100540","ON","1960-06-06",157,1960
"100541","ON","1961-06-12",163,1961
"100542","ON","1963-06-02",153,1963
"100543","ON","1963-06-03",154,1963
"100544","ON","1966-06-07",158,1966
"100545","ON","1966-06-10",161,1966
"100546","ON","1966-06-10",161,1966
"100547","ON","1966-06-10",161,1966
"100548","ON","1966-06-12",163,1966
"100549","ON","1969-06-15",166,1969
"100550","ON","1970-06-15",166,1970
"100551","ON","1972-05-31",151,1972
"100553","ON","1984-06-13",164,1984
"100554","ON","1990-05-31",151,1990
"100557","ON","1990-05-28",148,1990
"100558","ON","1991-06-06",157,1991
"100559","ON","1993-05-22",142,1993
"100560","ON","1998-06-07",158,1998
"100569","ON","1982-05-25",145,1982
"100570","ON","1984-05-25",145,1984
"100571","ON","1994-06-04",155,1994
"100572","ON","1994-05-21",141,1994
"100573","ON","1996-06-05",156,1996
"100575","ON","1950-05-25",145,1950
"100576","ON","1950-05-28",148,1950
"100577","ON","1951-05-18",138,1951
"100578","ON","1959-05-15",135,1959
"100579","ON","1961-05-18",138,1961
"100580","ON","1959-05-15",135,1959
"100582","ON","1982-06-24",175,1982
"1005854","ON","2005-06-12",163,2005
"1005858","ON","2005-05-28",148,2005
"100613","ON","1955-05-14",134,1955
"100614","ON","1955-06-06",157,1955
"100616","ON","1956-06-04",155,1956
"100617","ON","1957-05-21",141,1957
"100618","ON","1957-05-27",147,1957
"100619","ON","1958-06-17",168,1958
"100620","ON","1959-06-05",156,1959
"100624","ON","1969-05-24",144,1969
"100625","ON","1969-05-31",151,1969
"100629","ON","1977-06-05",156,1977
"100630","ON","1977-05-21",141,1977
"100631","ON","1978-06-04",155,1978
"100632","ON","1978-05-25",145,1978
"100633","ON","1980-06-02",153,1980
"100634","ON","1981-06-12",163,1981
"100635","ON","1982-06-21",172,1982
"100636","ON","1982-06-06",157,1982
"100637","ON","1982-06-23",174,1982
"100638","ON","1982-05-14",134,1982
"100639","ON","1982-05-13",133,1982
"100640","ON","1982-05-26",146,1982
"100641","ON","1982-05-24",144,1982
"100642","ON","1982-05-13",133,1982
"100643","ON","1984-06-14",165,1984
"100645","ON","1964-05-15",135,1964
"100646","ON","1965-05-29",149,1965
"100647","ON","1965-05-27",147,1965
"100648","ON","1965-05-09",129,1965
"100649","ON","1965-05-09",129,1965
"100650","ON","1966-05-20",140,1966
"100651","ON","1966-06-14",165,1966
"100652","ON","1966-06-03",154,1966
"100653","ON","1966-06-06",157,1966
"100654","ON","1966-06-01",152,1966
"100655","ON","1966-06-02",153,1966
"100656","ON","1966-05-28",148,1966
"100657","ON","1966-06-15",166,1966
"100658","ON","1966-06-10",161,1966
"100659","ON","1967-06-06",157,1967
"100660","ON","1967-05-30",150,1967
"100661","ON","1967-05-31",151,1967
"100662","ON","1967-05-31",151,1967
"100663","ON","1967-06-07",158,1967
"100664","ON","1967-06-15",166,1967
"100665","ON","1968-05-25",145,1968
"100666","ON","1968-05-26",146,1968
"100667","ON","1968-05-27",147,1968
"100668","ON","1968-05-30",150,1968
"100669","ON","1968-06-08",159,1968
"1006692","ON","2002-06-07",158,2002
"100670","ON","1968-05-27",147,1968
"100671","ON","1968-06-03",154,1968
"100673","ON","1968-05-28",148,1968
"100674","ON","1968-05-20",140,1968
"100675","ON","1968-05-18",138,1968
"100676","ON","1968-06-16",167,1968
"100677","ON","1968-06-05",156,1968
"100678","ON","1968-05-31",151,1968
"100679","ON","1968-06-15",166,1968
"100680","ON","1968-06-06",157,1968
"100681","ON","1968-06-06",157,1968
"100682","ON","1968-06-03",154,1968
"100683","ON","1968-05-29",149,1968
"100684","ON","1968-06-03",154,1968
"100685","ON","1968-06-15",166,1968
"100686","ON","1968-06-03",154,1968
"100687","ON","1968-06-06",157,1968
"100688","ON","1968-05-25",145,1968
"100689","ON","1968-05-24",144,1968
"100690","ON","1968-06-04",155,1968
"100691","ON","1968-06-03",154,1968
"100692","ON","1968-06-09",160,1968
"100693","ON","1968-06-04",155,1968
"100694","ON","1968-06-02",153,1968
"100696","ON","1968-06-11",162,1968
"100697","ON","1968-05-22",142,1968
"100698","ON","1968-06-02",153,1968
"100699","ON","1968-06-10",161,1968
"100701","ON","1968-06-01",152,1968
"100702","ON","1968-05-28",148,1968
"100703","ON","1968-06-05",156,1968
"100704","ON","1968-06-03",154,1968
"1007046","ON","2003-05-22",142,2003
"100705","ON","1968-05-25",145,1968
"100708","ON","1968-06-03",154,1968
"100709","ON","1968-05-17",137,1968
"100710","ON","1968-05-27",147,1968
"100711","ON","1968-05-27",147,1968
"100712","ON","1969-05-26",146,1969
"100713","ON","1969-05-22",142,1969
"100714","ON","1969-05-31",151,1969
"100715","ON","1969-05-27",147,1969
"100716","ON","1969-05-23",143,1969
"100718","ON","1969-06-01",152,1969
"100719","ON","1969-05-27",147,1969
"100720","ON","1969-05-23",143,1969
"100723","ON","1969-06-05",156,1969
"100724","ON","1969-06-13",164,1969
"100727","ON","1969-06-12",163,1969
"100728","ON","1969-05-27",147,1969
"100729","ON","1969-05-27",147,1969
"100730","ON","1969-05-25",145,1969
"100731","ON","1969-05-27",147,1969
"100733","ON","1969-05-22",142,1969
"100735","ON","1970-05-25",145,1970
"100736","ON","1970-06-14",165,1970
"100737","ON","1970-05-25",145,1970
"100738","ON","1970-05-24",144,1970
"100739","ON","1970-05-28",148,1970
"100740","ON","1970-06-05",156,1970
"100741","ON","1970-06-14",165,1970
"100742","ON","1970-05-30",150,1970
"100743","ON","1970-05-29",149,1970
"100746","ON","1970-06-03",154,1970
"100749","ON","1970-05-23",143,1970
"100750","ON","1970-05-23",143,1970
"100751","ON","1970-05-27",147,1970
"1007512","ON","2002-06-19",170,2002
"100752","ON","1970-05-24",144,1970
"100753","ON","1970-06-12",163,1970
"100754","ON","1970-05-23",143,1970
"100755","ON","1970-05-31",151,1970
"100756","ON","1971-05-27",147,1971
"100757","ON","1971-06-05",156,1971
"1007581","ON","2004-06-02",153,2004
"1008338","ON","2003-06-14",165,2003
"100886","ON","1950-05-25",145,1950
"100887","ON","1950-06-06",157,1950
"100888","ON","1950-06-12",163,1950
"100889","ON","1952-05-23",143,1952
"100890","ON","1952-05-23",143,1952
"100891","ON","1952-05-22",142,1952
"100892","ON","1952-05-23",143,1952
"100893","ON","1952-05-23",143,1952
"100894","ON","1952-06-28",179,1952
"100895","ON","1952-05-23",143,1952
"100896","ON","1954-07-11",192,1954
"100897","ON","1955-05-22",142,1955
"100898","ON","1956-06-09",160,1956
"100899","ON","1956-06-10",161,1956
"100900","ON","1959-05-31",151,1959
"100901","ON","1961-06-17",168,1961
"100902","ON","1962-06-14",165,1962
"100903","ON","1962-06-08",159,1962
"100904","ON","1965-05-24",144,1965
"100905","ON","1965-05-25",145,1965
"100906","ON","1966-06-14",165,1966
"100907","ON","1966-06-02",153,1966
"100909","ON","1969-06-20",171,1969
"100910","ON","1970-06-20",171,1970
"100911","ON","1972-06-03",154,1972
"100912","ON","1973-06-05",156,1973
"100913","ON","1975-06-23",174,1975
"100914","ON","1975-06-26",177,1975
"100915","ON","1976-06-07",158,1976
"1009150","ON","2005-06-13",164,2005
"100917","ON","1978-06-22",173,1978
"100918","ON","1978-06-02",153,1978
"100919","ON","1981-06-12",163,1981
"100920","ON","1984-06-07",158,1984
"100921","ON","1984-06-04",155,1984
"100922","ON","1984-05-13",133,1984
"100923","ON","1986-06-10",161,1986
"100926","ON","1995-06-06",157,1995
"100927","ON","1996-06-08",159,1996
"100928","ON","1997-05-27",147,1997
"100929","ON","1997-06-29",180,1997
"100930","ON","1998-05-23",143,1998
"100984","ON","1995-05-31",151,1995
"100985","ON","1977-05-23",143,1977
"1009910","ON","2005-06-04",155,2005
"100995","ON","1974-06-05",156,1974
"100996","ON","1972-06-15",166,1972
"100997","ON","1977-05-25",145,1977
"100999","ON","1977-05-30",150,1977
"101000","ON","1977-06-05",156,1977
"101001","ON","1977-07-25",206,1977
"101002","ON","1978-05-30",150,1978
"101004","ON","1978-06-02",153,1978
"1010327","ON","2005-05-29",149,2005
"1010464","ON","2005-05-29",149,2005
"1011652","ON","2006-06-28",179,2006
"1011672","ON","2007-06-05",156,2007
"1032423","ON","2001-05-29",149,2001
"1032471","ON","2003-05-26",146,2003
"1032724","ON","2004-05-19",139,2004
"1032770","ON","2005-06-03",154,2005
"1032771","ON","2005-05-28",148,2005
"1032773","ON","2005-05-28",148,2005
"1032786","ON","2005-06-16",167,2005
"1032886","ON","2005-06-06",157,2005
"1033318","ON","2005-05-25",145,2005
"1033338","ON","2005-05-29",149,2005
"1033339","ON","2005-05-29",149,2005
"1033340","ON","2005-05-25",145,2005
"1033342","ON","2005-05-19",139,2005
"1033343","ON","2005-05-21",141,2005
"1033438","ON","2005-06-10",161,2005
"1033452","ON","2002-06-02",153,2002
"1033682","ON","2005-05-23",143,2005
"1033847","ON","2003-06-04",155,2003
"1034305","ON","2003-06-11",162,2003
"1034322","ON","2003-05-27",147,2003
"1034326","ON","2003-05-27",147,2003
"1034390","ON","2005-05-23",143,2005
"1034983","ON","2004-06-04",155,2004
"1035005","ON","2003-06-05",156,2003
"1035671","ON","2004-06-12",163,2004
"1035793","ON","2003-06-01",152,2003
"1035981","ON","2004-05-28",148,2004
"1035988","ON","2004-05-30",150,2004
"1036010","ON","2005-06-07",158,2005
"1036129","ON","2003-05-30",150,2003
"1036130","ON","2003-05-27",147,2003
"1036132","ON","2003-06-01",152,2003
"1036140","ON","2004-06-07",158,2004
"1036266","ON","2004-06-12",163,2004
"1036447","ON","2003-05-30",150,2003
"1036450","ON","2003-06-01",152,2003
"1036518","ON","2004-05-20",140,2004
"1036622","ON","2004-05-29",149,2004
"1037374","ON","2005-06-08",159,2005
"1037376","ON","2005-05-27",147,2005
"1037380","ON","2005-06-24",175,2005
"1037383","ON","2005-06-27",178,2005
"1038488","ON","2008-05-16",136,2008
"1039138","ON","2008-05-21",141,2008
"1039141","ON","2008-05-21",141,2008
"1039147","ON","2008-05-28",148,2008
"1039151","ON","2008-05-22",142,2008
"1039154","ON","2008-06-01",152,2008
"1039155","ON","2008-05-25",145,2008
"1039156","ON","2008-06-04",155,2008
"1039158","ON","2008-05-24",144,2008
"1039162","ON","2008-05-31",151,2008
"1039163","ON","2008-05-25",145,2008
"1039171","ON","2008-05-25",145,2008
"1039173","ON","2008-06-02",153,2008
"1039178","ON","2008-05-16",136,2008
"1039179","ON","2008-05-28",148,2008
"1039196","ON","2008-06-25",176,2008
"1039197","ON","2008-05-25",145,2008
"1039199","ON","2008-05-25",145,2008
"1039200","ON","2008-05-15",135,2008
"1039205","ON","2008-06-13",164,2008
"1039238","ON","2008-06-03",154,2008
"1039254","ON","2008-06-21",172,2008
"1039262","ON","2008-06-28",179,2008
"1039276","ON","2008-05-22",142,2008
"1039360","ON","2008-06-10",161,2008
"1039361","ON","2008-06-19",170,2008
"1039362","ON","2008-06-16",167,2008
"1039718","ON","2008-06-20",171,2008
"1039743","ON","2009-07-01",182,2009
"1039752","ON","2008-06-03",154,2008
"1039810","ON","2008-06-28",179,2008
"1039813","ON","2008-05-21",141,2008
"1039817","ON","2008-06-03",154,2008
"1039821","ON","2008-05-25",145,2008
"1039823","ON","2008-05-17",137,2008
"1039825","ON","2008-06-02",153,2008
"1039838","ON","2008-05-22",142,2008
"1039840","ON","2008-06-03",154,2008
"1039842","ON","2008-05-23",143,2008
"1039843","ON","2008-05-30",150,2008
"1039849","ON","2008-06-12",163,2008
"1039854","ON","2008-06-09",160,2008
"1039855","ON","2008-06-01",152,2008
"1039856","ON","2008-06-09",160,2008
"1039860","ON","2008-05-21",141,2008
"1039861","ON","2008-05-31",151,2008
"1040100","NB","2009-05-23",143,2009
"1040403","ON","2009-05-20",140,2009
"1040408","ON","2009-05-24",144,2009
"1040625","ON","2009-05-24",144,2009
"1040626","ON","2009-05-26",146,2009
"1040627","ON","2009-05-24",144,2009
"1040644","ON","2009-05-27",147,2009
"1040652","ON","2009-05-25",145,2009
"1040657","ON","2009-05-21",141,2009
"1040677","ON","2009-05-16",136,2009
"1040685","ON","2009-05-24",144,2009
"1040711","ON","2009-05-22",142,2009
"1040726","ON","2009-06-30",181,2009
"1040765","ON","2009-05-25",145,2009
"1040772","ON","2009-05-19",139,2009
"1040773","ON","2009-05-20",140,2009
"1040777","ON","2009-06-08",159,2009
"1040783","ON","2009-05-31",151,2009
"1040788","ON","2009-06-01",152,2009
"1040790","ON","2009-06-03",154,2009
"1040793","ON","2009-06-21",172,2009
"1040821","ON","2009-05-31",151,2009
"1040882","ON","2009-05-29",149,2009
"1040884","ON","2009-06-16",167,2009
"1041067","ON","2009-05-18",138,2009
"1041088","ON","2009-05-24",144,2009
"1041092","ON","2009-05-24",144,2009
"1041094","ON","2009-05-23",143,2009
"1041115","ON","2009-05-22",142,2009
"1041116","ON","2009-05-21",141,2009
"1041117","ON","2009-05-17",137,2009
"1041118","ON","2009-05-25",145,2009
"1041119","ON","2009-05-23",143,2009
"1041126","ON","2009-05-23",143,2009
"1041150","ON","2009-05-25",145,2009
"1041199","ON","2009-05-31",151,2009
"1041201","ON","2009-05-23",143,2009
"1041203","ON","2009-05-23",143,2009
"1041204","ON","2009-05-22",142,2009
"1041205","ON","2009-05-27",147,2009
"1041224","ON","2009-05-27",147,2009
"1041259","ON","2009-05-30",150,2009
"1041263","ON","2009-05-23",143,2009
"1041265","ON","2009-06-01",152,2009
"1041268","ON","2009-05-24",144,2009
"1041270","ON","2009-05-26",146,2009
"1041271","ON","2009-05-23",143,2009
"1041273","ON","2009-05-12",132,2009
"1041283","ON","2009-06-05",156,2009
"1041291","ON","2009-06-14",165,2009
"1041292","ON","2009-06-02",153,2009
"1041295","ON","2009-05-22",142,2009
"1041296","ON","2009-06-12",163,2009
"1041314","ON","2009-05-18",138,2009
"1041315","ON","2009-06-13",164,2009
"1041316","ON","2009-06-07",158,2009
"1041323","ON","2009-06-14",165,2009
"1041336","ON","2009-06-10",161,2009
"1041354","ON","2009-06-05",156,2009
"1041355","ON","2009-06-23",174,2009
"1041536","ON","2006-05-29",149,2006
"1041539","ON","2006-05-28",148,2006
"1045068","ON","2008-06-08",159,2008
"1045281","ON","2007-06-05",156,2007
"1046501","ON","2010-05-14",134,2010
"1046518","ON","2010-05-20",140,2010
"1046567","ON","2010-05-18",138,2010
"1046568","ON","2010-06-01",152,2010
"1046570","ON","2010-05-24",144,2010
"1046571","ON","2010-05-24",144,2010
"1046593","ON","2010-05-19",139,2010
"1046595","ON","2010-05-23",143,2010
"1046596","ON","2010-05-23",143,2010
"1046601","ON","2010-06-06",157,2010
"1046608","ON","2010-05-25",145,2010
"1046609","ON","2010-05-23",143,2010
"1046610","ON","2010-05-23",143,2010
"1046613","ON","2010-05-25",145,2010
"1046692","ON","2010-05-29",149,2010
"1046791","ON","2010-05-26",146,2010
"1046792","ON","2010-05-15",135,2010
"1046811","ON","2010-05-27",147,2010
"1046819","ON","2010-05-13",133,2010
"1046826","ON","2010-05-18",138,2010
"1046847","ON","2010-05-22",142,2010
"1046848","ON","2010-05-18",138,2010
"1046853","ON","2010-05-26",146,2010
"1046854","ON","2010-05-27",147,2010
"1046859","ON","2010-05-20",140,2010
"1046863","ON","2010-05-30",150,2010
"1046865","ON","2010-06-15",166,2010
"1046867","ON","2010-06-05",156,2010
"1046888","ON","2010-05-16",136,2010
"1046919","ON","2010-06-10",161,2010
"1046988","ON","2010-07-12",193,2010
"1047007","ON","2010-05-15",135,2010
"1047042","ON","2010-05-15",135,2010
"1047046","ON","2010-05-15",135,2010
"1047050","ON","2010-05-15",135,2010
"1047051","ON","2010-05-17",137,2010
"1047053","ON","2010-05-24",144,2010
"1047080","ON","2010-05-14",134,2010
"1047083","ON","2010-05-19",139,2010
"1047084","ON","2010-05-24",144,2010
"1047116","ON","2010-05-21",141,2010
"1047117","ON","2010-05-19",139,2010
"1047118","ON","2010-05-24",144,2010
"1047119","ON","2010-05-24",144,2010
"1047147","ON","2010-05-19",139,2010
"1047148","ON","2010-05-22",142,2010
"1047152","ON","2010-05-26",146,2010
"1047179","ON","2010-06-23",174,2010
"1047180","ON","2010-06-15",166,2010
"1047182","ON","2010-05-25",145,2010
"1047188","ON","2010-06-08",159,2010
"1047203","ON","2010-05-23",143,2010
"1047204","ON","2010-05-23",143,2010
"1047221","ON","2010-05-22",142,2010
"1047223","ON","2010-05-22",142,2010
"1047226","ON","2010-05-23",143,2010
"1047227","ON","2010-05-22",142,2010
"1047232","ON","2010-05-17",137,2010
"1047233","ON","2010-05-17",137,2010
"1047234","ON","2010-05-23",143,2010
"1047237","ON","2010-05-25",145,2010
"1047243","ON","2010-05-15",135,2010
"1047244","ON","2010-05-24",144,2010
"1048795","ON","2008-05-26",146,2008
"1049025","ON","2008-06-15",166,2008
"1049027","ON","2008-06-05",156,2008
"1049131","ON","2008-06-19",170,2008
"1049594","ON","2007-05-27",147,2007
"1049596","ON","2007-05-19",139,2007
"1049597","ON","2007-05-24",144,2007
"1049598","ON","2007-05-27",147,2007
"1049599","ON","2007-05-21",141,2007
"1049600","ON","2007-05-20",140,2007
"1049601","ON","2007-05-19",139,2007
"1049620","ON","2007-05-20",140,2007
"1049621","ON","2007-06-10",161,2007
"1049624","ON","2007-05-21",141,2007
"1049625","ON","2007-05-20",140,2007
"1049627","ON","2007-05-20",140,2007
"1049629","ON","2007-05-18",138,2007
"1049631","ON","2007-05-20",140,2007
"1049632","ON","2007-06-21",172,2007
"1049633","ON","2007-05-30",150,2007
"1049634","ON","2007-06-19",170,2007
"1049635","ON","2007-06-14",165,2007
"1049636","ON","2007-05-23",143,2007
"1049637","ON","2007-06-14",165,2007
"1049638","ON","2007-06-16",167,2007
"1049639","ON","2007-06-04",155,2007
"1049641","ON","2007-07-22",203,2007
"1049643","ON","2007-06-02",153,2007
"1049647","ON","2007-06-23",174,2007
"1049739","ON","2007-05-25",145,2007
"1049894","ON","2006-05-24",144,2006
"1049913","ON","2007-06-05",156,2007
"1049914","ON","2007-06-03",154,2007
"1049915","ON","2007-06-01",152,2007
"1049916","ON","2007-06-09",160,2007
"1049918","ON","2007-06-01",152,2007
"1049968","ON","2007-05-26",146,2007
"1049970","ON","2007-05-24",144,2007
"1049971","ON","2007-05-30",150,2007
"1049973","ON","2007-05-30",150,2007
"1049975","ON","2007-05-25",145,2007
"1049976","ON","2007-05-29",149,2007
"1049977","ON","2007-06-15",166,2007
"1049979","ON","2007-06-14",165,2007
"1049980","ON","2007-06-05",156,2007
"1049981","ON","2007-05-23",143,2007
"1049982","ON","2007-05-28",148,2007
"1049984","ON","2007-05-23",143,2007
"1050016","ON","2006-06-05",156,2006
"1050017","ON","2006-06-21",172,2006
"1050020","ON","2006-05-22",142,2006
"1050052","ON","2006-05-22",142,2006
"1050053","ON","2006-06-23",174,2006
"1050054","ON","2006-06-14",165,2006
"1050055","ON","2006-05-26",146,2006
"1050096","ON","2006-05-25",145,2006
"1050098","ON","2006-05-30",150,2006
"1050104","ON","2006-05-22",142,2006
"1050123","ON","2006-05-13",133,2006
"1050124","ON","2006-05-26",146,2006
"1050125","ON","2006-06-13",164,2006
"1050126","ON","2006-05-16",136,2006
"1050225","ON","2006-05-31",151,2006
"1050226","ON","2006-05-21",141,2006
"1050227","ON","2006-06-23",174,2006
"1050228","ON","2006-05-22",142,2006
"1050229","ON","2006-05-27",147,2006
"1050230","ON","2006-06-12",163,2006
"1050231","ON","2006-05-31",151,2006
"1050232","ON","2006-06-02",153,2006
"1050233","ON","2006-06-04",155,2006
"1050235","ON","2006-05-31",151,2006
"1050236","ON","2006-05-19",139,2006
"1050237","ON","2006-05-31",151,2006
"1050238","ON","2006-06-03",154,2006
"1050324","ON","2006-06-17",168,2006
"1050325","ON","2006-06-13",164,2006
"1051330","ON","2009-05-28",148,2009
"1051337","ON","2009-05-24",144,2009
"1051338","ON","2009-05-24",144,2009
"1051340","ON","2009-05-19",139,2009
"1051341","ON","2009-06-26",177,2009
"1051760","ON","2009-05-21",141,2009
"1053769","ON","2001-06-07",158,2001
"1053822","ON","2000-05-17",137,2000
"1053838","ON","1978-05-31",151,1978
"1053846","ON","2001-06-03",154,2001
"1054477","QC","1982-05-31",151,1982
"1054478","QC","1982-06-10",161,1982
"1054481","QC","1979-06-06",157,1979
"1054482","QC","1980-06-23",174,1980
"1054483","QC","1981-06-09",160,1981
"1054484","QC","1986-05-24",144,1986
"1054485","QC","1986-06-07",158,1986
"1054486","QC","1986-06-06",157,1986
"1054494","QC","1971-05-27",147,1971
"1054695","ON","2007-05-18",138,2007
"1054696","ON","2007-06-13",164,2007
"1054803","QC","2009-06-10",161,2009
"1054804","QC","2009-06-09",160,2009
"1056016","ON","2007-06-22",173,2007
"1056017","ON","2007-06-27",178,2007
"1056018","ON","2007-06-03",154,2007
"120244","ON","2000-05-21",141,2000
"120245","ON","2000-06-03",154,2000
"120608","ON","2000-05-29",149,2000
"121918","ON","2000-06-09",160,2000
"122056","ON","2000-05-28",148,2000
"122057","ON","2000-06-11",162,2000
"130744","ON","2001-06-04",155,2001
"130778","ON","2001-06-02",153,2001
"131223","ON","2001-05-23",143,2001
"301494","QC","1969-07-02",183,1969
"301495","QC","1969-06-07",158,1969
"301496","QC","1969-06-08",159,1969
"301497","QC","1969-06-01",152,1969
"301498","QC","1969-06-04",155,1969
"301499","QC","1969-05-28",148,1969
"301500","QC","1966-05-06",126,1966
"301501","QC","1966-05-06",126,1966
"301502","QC","1960-06-24",175,1960
"301503","QC","1965-05-27",147,1965
"301504","QC","1965-05-22",142,1965
"301505","QC","1959-05-26",146,1959
"301506","QC","1963-06-06",157,1963
"301507","QC","1959-05-26",146,1959
"301508","QC","1959-05-28",148,1959
"301509","QC","1959-05-18",138,1959
"301510","QC","1959-05-29",149,1959
"301511","QC","1959-05-29",149,1959
"301512","QC","1959-06-07",158,1959
"301513","QC","1959-05-29",149,1959
"301514","QC","1959-05-18",138,1959
"301515","QC","1961-05-22",142,1961
"301517","QC","1968-06-21",172,1968
"301518","QC","1968-06-06",157,1968
"301520","QC","1968-06-06",157,1968
"302993","QC","1970-05-23",143,1970
"302994","QC","1970-05-25",145,1970
"302996","QC","1970-05-26",146,1970
"302997","QC","1970-05-29",149,1970
"302998","QC","1970-05-30",150,1970
"302999","QC","1970-05-26",146,1970
"303001","QC","1970-05-28",148,1970
"304205","QC","1971-05-28",148,1971
"304206","QC","1971-05-31",151,1971
"304207","QC","1971-06-09",160,1971
"304208","QC","1971-06-12",163,1971
"304212","QC","1971-05-31",151,1971
"304213","QC","1971-05-27",147,1971
"304214","QC","1971-06-02",153,1971
"304217","QC","1971-06-24",175,1971
"304218","QC","1971-06-01",152,1971
"304219","QC","1971-06-24",175,1971
"304220","QC","1971-05-28",148,1971
"304222","QC","1971-06-03",154,1971
"304223","QC","1971-05-23",143,1971
"304224","QC","1971-06-06",157,1971
"304226","QC","1971-06-12",163,1971
"304227","QC","1971-06-08",159,1971
"304228","QC","1971-05-24",144,1971
"304229","QC","1971-06-17",168,1971
"304230","QC","1971-05-31",151,1971
"305271","QC","1972-05-31",151,1972
"305272","QC","1972-05-30",150,1972
"305273","QC","1972-05-31",151,1972
"305274","QC","1972-06-03",154,1972
"305275","QC","1972-05-25",145,1972
"305276","QC","1972-05-31",151,1972
"305277","QC","1972-06-02",153,1972
"305278","QC","1972-05-28",148,1972
"305279","QC","1972-06-10",161,1972
"305281","QC","1972-06-02",153,1972
"305282","QC","1972-06-05",156,1972
"305283","QC","1972-05-24",144,1972
"305285","QC","1972-05-27",147,1972
"305286","QC","1972-05-29",149,1972
"305287","QC","1972-06-09",160,1972
"305288","QC","1972-07-22",203,1972
"305289","QC","1972-06-27",178,1972
"305290","QC","1972-06-20",171,1972
"305292","QC","1972-05-24",144,1972
"305293","QC","1972-05-26",146,1972
"306325","QC","1973-06-12",163,1973
"306328","QC","1973-06-09",160,1973
"306329","QC","1973-06-08",159,1973
"306330","QC","1973-05-31",151,1973
"306331","QC","1973-06-02",153,1973
"306332","QC","1973-06-04",155,1973
"306333","QC","1973-07-07",188,1973
"306334","QC","1973-06-02",153,1973
"306335","QC","1973-06-10",161,1973
"306336","QC","1973-06-15",166,1973
"306337","QC","1973-05-24",144,1973
"306338","QC","1973-06-04",155,1973
"306339","QC","1973-06-04",155,1973
"306340","QC","1973-06-03",154,1973
"307011","QC","1974-06-05",156,1974
"307013","QC","1974-06-04",155,1974
"307014","QC","1974-06-18",169,1974
"307721","QC","1975-06-08",159,1975
"307722","QC","1975-05-26",146,1975
"307723","QC","1975-05-27",147,1975
"307724","QC","1975-05-21",141,1975
"307725","QC","1975-05-28",148,1975
"307727","QC","1975-06-12",163,1975
"307730","QC","1975-05-29",149,1975
"307731","QC","1975-07-12",193,1975
"307732","QC","1975-05-31",151,1975
"307733","QC","1975-05-27",147,1975
"308860","QC","1976-05-28",148,1976
"308862","QC","1976-06-03",154,1976
"308863","QC","1976-06-04",155,1976
"308864","QC","1976-06-01",152,1976
"308866","QC","1976-05-31",151,1976
"308867","QC","1976-06-29",180,1976
"308868","QC","1976-06-02",153,1976
"308869","QC","1976-06-14",165,1976
"308871","QC","1976-05-24",144,1976
"309308","QC","1977-06-18",169,1977
"309310","QC","1977-05-29",149,1977
"309311","QC","1977-05-27",147,1977
"309312","QC","1977-05-26",146,1977
"309313","QC","1977-06-01",152,1977
"309314","QC","1977-06-01",152,1977
"309315","QC","1977-05-21",141,1977
"309316","QC","1977-06-01",152,1977
"311830","QC","1978-05-29",149,1978
"311833","QC","1978-05-31",151,1978
"312700","QC","1979-06-08",159,1979
"312702","QC","1979-05-19",139,1979
"313549","QC","1979-06-13",164,1979
"313550","QC","1980-06-04",155,1980
"313551","QC","1980-06-19",170,1980
"313552","QC","1980-06-07",158,1980
"313553","QC","1980-05-28",148,1980
"314414","QC","1981-06-05",156,1981
"314419","QC","1981-06-13",164,1981
"315331","QC","1982-05-18",138,1982
"315332","QC","1982-05-31",151,1982
"315333","QC","1982-06-10",161,1982
"315334","QC","1980-05-27",147,1980
"316356","QC","1983-06-03",154,1983
"316357","QC","1983-06-05",156,1983
"316358","QC","1983-06-20",171,1983
"317481","QC","1984-06-27",178,1984
"317482","QC","1984-06-13",164,1984
"317486","QC","1984-06-26",177,1984
"317487","QC","1983-05-23",143,1983
"317488","QC","1984-05-26",146,1984
"317489","QC","1984-06-02",153,1984
"317492","QC","1984-06-18",169,1984
"317493","QC","1984-06-08",159,1984
"317494","QC","1984-06-10",161,1984
"317495","QC","1984-06-05",156,1984
"318238","QC","1985-05-23",143,1985
"318240","QC","1985-06-09",160,1985
"318241","QC","1985-05-24",144,1985
"318242","QC","1985-05-25",145,1985
"318243","QC","1985-06-12",163,1985
"318399","QC","1986-05-28",148,1986
"319070","QC","1987-05-23",143,1987
"319805","QC","1987-05-12",132,1987
"319806","QC","1987-06-01",152,1987
"319807","QC","1985-06-10",161,1985
"320551","QC","1990-06-05",156,1990
"320552","QC","1990-06-05",156,1990
"320553","QC","1990-06-08",159,1990
"320672","QC","1991-05-26",146,1991
"320673","QC","1991-06-01",152,1991
"320675","QC","1991-06-01",152,1991
"320677","QC","1991-06-01",152,1991
"320995","QC","1992-06-10",161,1992
"320996","QC","1992-06-10",161,1992
"320997","QC","1992-05-21",141,1992
"320998","QC","1992-05-31",151,1992
"320999","QC","1992-05-28",148,1992
"321000","QC","1992-06-03",154,1992
"321001","QC","1992-06-03",154,1992
"321649","QC","1993-06-12",163,1993
"321650","QC","1993-05-27",147,1993
"322057","QC","1972-06-21",172,1972
"322487","QC","1997-06-14",165,1997
"322488","QC","1997-06-19",170,1997
"322490","QC","1997-06-12",163,1997
"417380","NB","1972-06-11",162,1972
"417381","NB","1972-05-25",145,1972
"417382","NB","1972-06-10",161,1972
"417383","NB","1972-06-10",161,1972
"417384","NB","1972-06-11",162,1972
"417385","NB","1972-06-18",169,1972
"417386","NB","1972-06-07",158,1972
"417387","NB","1972-06-09",160,1972
"417388","NB","1972-05-31",151,1972
"417389","NB","1972-06-12",163,1972
"417390","NB","1972-06-17",168,1972
"417391","NB","1972-06-07",158,1972
"417392","NB","1972-06-14",165,1972
"417393","NB","1972-06-22",173,1972
"417394","NB","1972-06-28",179,1972
"417395","NB","1972-06-15",166,1972
"417396","NB","1972-06-23",174,1972
"417397","NB","1972-06-22",173,1972
"417398","NB","1972-06-22",173,1972
"417399","NB","1972-06-21",172,1972
"417400","NB","1972-07-10",191,1972
"417401","NB","1972-06-26",177,1972
"417402","NB","1973-06-20",171,1973
"417403","NB","1973-06-13",164,1973
"417404","NB","1973-06-11",162,1973
"417405","NB","1973-06-15",166,1973
"417406","NB","1974-06-27",178,1974
"417407","NB","1974-06-30",181,1974
"417408","NB","1974-06-27",178,1974
"417409","NB","1974-06-11",162,1974
"417410","NB","1974-06-17",168,1974
"417411","NB","1975-06-01",152,1975
"417412","NB","1975-06-24",175,1975
"417413","NB","1975-07-01",182,1975
"417414","NB","1975-07-01",182,1975
"417415","NB","1975-07-11",192,1975
"417416","NB","1975-06-25",176,1975
"417417","NB","1975-06-14",165,1975
"417418","NB","1975-06-10",161,1975
"417419","NB","1975-06-08",159,1975
"417420","NB","1975-06-08",159,1975
"417421","NB","1976-06-19",170,1976
"417422","NB","1976-06-06",157,1976
"417423","NB","1976-06-08",159,1976
"417424","NB","1976-06-11",162,1976
"417425","NB","1976-06-06",157,1976
"417426","NB","1976-06-21",172,1976
"417427","NB","1976-06-11",162,1976
"417428","NB","1976-06-27",178,1976
"417430","NB","1977-06-18",169,1977
"417431","NB","1977-06-13",164,1977
"417432","NB","1977-06-03",154,1977
"417433","NB","1977-06-17",168,1977
"417434","NB","1977-06-13",164,1977
"417435","NB","1977-06-14",165,1977
"417436","NB","1977-06-15",166,1977
"417437","NB","1977-06-05",156,1977
"417438","NB","1977-06-06",157,1977
"417439","NB","1977-06-17",168,1977
"417440","NB","1977-06-17",168,1977
"417441","NB","1977-06-05",156,1977
"417442","NB","1977-06-27",178,1977
"417443","NB","1977-06-12",163,1977
"417444","NB","1977-06-19",170,1977
"417445","NB","1977-06-12",163,1977
"417446","NB","1978-06-21",172,1978
"417447","NB","1978-06-18",169,1978
"417448","NB","1978-06-03",154,1978
"417449","NB","1978-06-27",178,1978
"417450","NB","1978-05-29",149,1978
"417451","NB","1978-06-03",154,1978
"417452","NB","1979-06-10",161,1979
"417453","NB","1979-06-26",177,1979
"417454","NB","1979-06-12",163,1979
"417456","NB","1980-06-10",161,1980
"417457","NB","1980-06-22",173,1980
"417458","NB","1980-06-07",158,1980
"417459","NB","1980-06-17",168,1980
"417460","NB","1980-06-25",176,1980
"417461","NB","1980-06-05",156,1980
"417462","NB","1980-06-15",166,1980
"417463","NB","1980-06-15",166,1980
"417465","NB","1981-06-04",155,1981
"417466","NB","1981-06-20",171,1981
"417467","NB","1981-06-10",161,1981
"417468","NB","1981-06-10",161,1981
"417469","NB","1981-06-11",162,1981
"417470","NB","1981-06-03",154,1981
"417471","NB","1981-06-04",155,1981
"417472","NB","1981-06-04",155,1981
"417473","NB","1981-06-03",154,1981
"417474","NB","1981-06-23",174,1981
"417475","NB","1981-06-03",154,1981
"417476","NB","1981-06-06",157,1981
"417477","NB","1981-06-09",160,1981
"417478","NB","1981-06-17",168,1981
"417479","NB","1982-06-08",159,1982
"417480","NB","1982-06-05",156,1982
"417481","NB","1982-05-31",151,1982
"417482","NB","1982-06-12",163,1982
"417483","NB","1983-06-17",168,1983
"417484","NB","1983-06-02",153,1983
"417485","NB","1983-06-23",174,1983
"417486","NB","1983-06-27",178,1983
"417487","NB","1983-06-12",163,1983
"417488","NB","1983-06-05",156,1983
"417489","NB","1983-06-09",160,1983
"417490","NB","1984-06-21",172,1984
"417491","NB","1984-06-08",159,1984
"417492","NB","1984-06-02",153,1984
"417493","NB","1984-06-14",165,1984
"417494","NB","1984-06-05",156,1984
"417495","NB","1985-06-04",155,1985
"417496","NB","1985-06-12",163,1985
"417497","NB","1985-06-04",155,1985
"417498","NB","1985-06-05",156,1985
"417499","NB","1985-06-06",157,1985
"417500","NB","1985-05-27",147,1985
"417501","NB","1985-06-07",158,1985
"417502","NB","1985-06-16",167,1985
"417503","NB","1985-06-07",158,1985
"417504","NB","1985-06-06",157,1985
"417505","NB","1986-06-08",159,1986
"417506","NB","1986-06-10",161,1986
"417507","NB","1986-06-12",163,1986
"417508","NB","1986-05-31",151,1986
"417509","NB","1986-05-28",148,1986
"417510","NB","1986-05-31",151,1986
"417511","NB","1986-06-05",156,1986
"417512","NB","1986-06-02",153,1986
"417513","NB","1986-06-21",172,1986
"417515","NB","1986-06-18",169,1986
"417517","NB","1986-06-05",156,1986
"417518","NB","1986-06-03",154,1986
"417519","NB","1986-06-07",158,1986
"417520","NB","1986-05-19",139,1986
"417521","NB","1986-05-30",150,1986
"417522","NB","1987-06-15",166,1987
"417523","NB","1987-06-29",180,1987
"417524","NB","1987-06-09",160,1987
"417525","NB","1987-07-14",195,1987
"417526","NB","1987-06-02",153,1987
"417527","NB","1987-06-04",155,1987
"417528","NB","1987-06-19",170,1987
"417529","NB","1986-06-06",157,1986
"417530","NB","1986-06-05",156,1986
"417531","NB","1986-06-22",173,1986
"417532","NB","1987-06-11",162,1987
"417533","NB","1988-05-25",145,1988
"417534","NB","1989-05-28",148,1989
"417535","NB","1989-06-22",173,1989
"417536","NB","1989-06-03",154,1989
"417537","NB","1989-06-10",161,1989
"417538","NB","1990-06-10",161,1990
"417539","NB","1990-06-16",167,1990
"417541","NB","1990-06-14",165,1990
"417542","NB","1990-06-11",162,1990
"417543","NB","1990-06-11",162,1990
"417544","NB","1990-06-11",162,1990
"417545","NB","1990-06-11",162,1990
"417546","NB","1990-06-13",164,1990
"417547","NB","1990-06-14",165,1990
"417548","NB","1990-06-16",167,1990
"417549","NB","1990-06-19",170,1990
"417550","NB","1991-06-04",155,1991
"417552","NB","1991-06-01",152,1991
"417553","NB","1991-05-29",149,1991
"417554","NB","1991-06-15",166,1991
"417555","NB","1991-05-31",151,1991
"417556","NB","1991-06-07",158,1991
"417557","NB","1991-06-07",158,1991
"417558","NB","1991-06-12",163,1991
"417559","NB","1992-06-05",156,1992
"417560","NB","1992-06-18",169,1992
"417561","NB","1992-07-09",190,1992
"417562","NB","1992-06-11",162,1992
"417563","NB","1992-06-16",167,1992
"417565","NB","1992-06-12",163,1992
"417566","NB","1992-05-31",151,1992
"417567","NB","1993-06-12",163,1993
"417568","NB","1993-06-17",168,1993
"417569","NB","1993-05-30",150,1993
"417570","NB","1993-05-31",151,1993
"417571","NB","1994-06-22",173,1994
"417572","NB","1995-06-03",154,1995
"417573","NB","1995-05-29",149,1995
"417574","NB","1996-07-02",183,1996
"417575","NB","1996-06-07",158,1996
"417576","NB","1996-06-07",158,1996
"417577","NB","1997-06-10",161,1997
"417578","NB","1998-06-03",154,1998
"417579","NB","1999-05-27",147,1999
"417580","NB","2000-06-11",162,2000
"417581","NB","2000-06-13",164,2000
"417582","NB","2000-06-05",156,2000
"417583","NB","2000-06-07",158,2000
"417584","NB","2000-06-18",169,2000
"424557","NB","2001-06-30",181,2001
"424558","NB","2001-05-31",151,2001
"6490","ON","2000-06-01",152,2000
"8284","ON","1973-06-16",167,1973
"8285","ON","1973-06-25",176,1973
"8286","ON","1974-07-07",188,1974
"8287","ON","1981-06-26",177,1981
"8288","ON","1966-05-21",141,1966
"8289","ON","1967-06-02",153,1967
"8290","ON","1967-06-08",159,1967
"8291","ON","1967-06-17",168,1967
"8292","ON","1967-06-05",156,1967
"8293","ON","1967-06-30",181,1967
"8294","ON","1968-06-03",154,1968
"8295","ON","1968-06-13",164,1968
"8296","ON","1974-05-20",140,1974
"8301","ON","1978-05-31",151,1978
"8302","ON","1984-06-01",152,1984
"8303","ON","1968-05-19",139,1968
"8304","ON","1968-06-20",171,1968
"8305","ON","1971-07-03",184,1971
"8306","ON","1972-06-02",153,1972
"8307","ON","1973-06-07",158,1973
"8308","ON","1975-07-10",191,1975
"8309","ON","1976-06-08",159,1976
"8310","ON","1981-05-25",145,1981
"8311","ON","1983-05-30",150,1983
"8313","ON","1995-06-19",170,1995
"8314","ON","1995-06-10",161,1995
"8315","ON","1995-06-25",176,1995
"8317","ON","1996-06-28",179,1996
"8318","ON","1996-06-05",156,1996
"8319","ON","1996-06-12",163,1996
"8320","ON","1996-06-27",178,1996
"8321","ON","1996-06-27",178,1996
"8323","ON","1996-06-22",173,1996
"8324","ON","1996-06-04",155,1996
"8334","ON","1957-05-27",147,1957
"8335","ON","1957-06-01",152,1957
"8336","ON","1957-06-01",152,1957
"8337","ON","1957-05-23",143,1957
"8338","ON","1957-05-29",149,1957
"8339","ON","1957-05-25",145,1957
"8340","ON","1964-05-19",139,1964
"8341","ON","1965-05-24",144,1965
"8342","ON","1965-06-07",158,1965
"8343","ON","1967-05-29",149,1967
"8345","ON","1971-05-28",148,1971
"8346","ON","1971-06-05",156,1971
"8347","ON","1973-05-26",146,1973
"8348","ON","1973-06-04",155,1973
"8349","ON","1973-06-03",154,1973
"8350","ON","1973-05-21",141,1973
"8351","ON","1973-06-03",154,1973
"8352","ON","1973-05-25",145,1973
"8355","ON","1974-06-02",153,1974
"8356","ON","1974-06-07",158,1974
"8363","ON","1961-06-20",171,1961
"8364","ON","1967-06-11",162,1967
"8366","ON","1973-06-11",162,1973
"8367","ON","1973-06-17",168,1973
"8368","ON","1978-06-11",162,1978
"8369","ON","1982-06-25",176,1982
"8371","ON","1983-06-19",170,1983
"8372","ON","1984-06-23",174,1984
"8373","ON","1985-06-16",167,1985
"8374","ON","1985-06-23",174,1985
"8375","ON","1985-07-04",185,1985
"8376","ON","1985-06-18",169,1985
"8377","ON","1985-07-01",182,1985
"8378","ON","1985-06-15",166,1985
"8379","ON","1985-06-28",179,1985
"8380","ON","1985-06-20",171,1985
"8381","ON","1985-07-04",185,1985
"8382","ON","1985-07-01",182,1985
"8383","ON","1985-06-25",176,1985
"8384","ON","1985-06-17",168,1985
"8385","ON","1985-06-18",169,1985
"8386","ON","1985-06-27",178,1985
"8387","ON","1985-07-04",185,1985
"8388","ON","1985-06-11",162,1985
"8389","ON","1985-07-04",185,1985
"8390","ON","1985-06-16",167,1985
"8391","ON","1985-06-29",180,1985
"8393","ON","1975-06-05",156,1975
"8396","ON","1975-06-11",162,1975
"8397","ON","1975-06-06",157,1975
"8398","ON","1975-06-14",165,1975
"8399","ON","1975-06-19",170,1975
"8401","ON","1975-06-02",153,1975
"8403","ON","1975-05-29",149,1975
"8404","ON","1975-05-28",148,1975
"8405","ON","1975-05-30",150,1975
"8406","ON","1975-06-13",164,1975
"8407","ON","1975-06-10",161,1975
"8408","ON","1975-06-18",169,1975
"8409","ON","1975-06-06",157,1975
"8410","ON","1976-06-08",159,1976
"8411","ON","1976-05-31",151,1976
"8412","ON","1976-06-22",173,1976
"8413","ON","1976-06-21",172,1976
"8414","ON","1976-06-07",158,1976
"8415","ON","1976-06-07",158,1976
"8416","ON","1976-05-26",146,1976
"8417","ON","1976-06-09",160,1976
"8418","ON","1976-06-21",172,1976
"8419","ON","1977-05-29",149,1977
"8420","ON","1977-06-09",160,1977
"8421","ON","1977-06-18",169,1977
"8422","ON","1977-05-29",149,1977
"8423","ON","1977-05-28",148,1977
"8424","ON","1977-06-10",161,1977
"8426","ON","1977-06-09",160,1977
"8427","ON","1974-06-03",154,1974
"8436","ON","1958-05-25",145,1958
"8437","ON","1961-05-31",151,1961
"8438","ON","1961-06-30",181,1961
"8439","ON","1961-06-30",181,1961
"8441","ON","1964-05-22",142,1964
"8442","ON","1965-06-04",155,1965
"8443","ON","1967-06-16",167,1967
"8444","ON","1967-06-10",161,1967
"8447","ON","1967-06-21",172,1967
"8448","ON","1968-06-29",180,1968
"8449","ON","1969-06-21",172,1969
"8451","ON","1969-06-14",165,1969
"8453","ON","1970-05-29",149,1970
"8454","ON","1971-06-13",164,1971
"8456","ON","1973-06-05",156,1973
"8458","ON","1973-05-29",149,1973
"8459","ON","1973-06-04",155,1973
"8460","ON","1973-05-27",147,1973
"8461","ON","1974-05-26",146,1974
"8462","ON","1975-05-23",143,1975
"8463","ON","1976-06-08",159,1976
"8465","ON","1978-05-25",145,1978
"8466","ON","1978-05-24",144,1978
"8467","ON","1978-06-01",152,1978
"8468","ON","1978-06-02",153,1978
"8471","ON","1978-06-10",161,1978
"8472","ON","1978-06-19",170,1978
"8473","ON","1978-07-01",182,1978
"8474","ON","1978-06-07",158,1978
"8475","ON","1978-06-13",164,1978
"8476","ON","1978-05-25",145,1978
"8477","ON","1978-05-26",146,1978
"8478","ON","1978-05-24",144,1978
"8480","ON","1978-05-25",145,1978
"8481","ON","1978-05-31",151,1978
"8482","ON","1979-05-29",149,1979
"8483","ON","1980-06-12",163,1980
"8484","ON","1980-06-14",165,1980
"8485","ON","1980-06-02",153,1980
"8486","ON","1980-06-04",155,1980
"8487","ON","1980-06-13",164,1980
"8488","ON","1980-05-30",150,1980
"8489","ON","1980-05-29",149,1980
"8490","ON","1980-06-19",170,1980
"8491","ON","1980-06-13",164,1980
"8492","ON","1980-05-29",149,1980
"8493","ON","1980-05-30",150,1980
"8494","ON","1980-05-29",149,1980
"8495","ON","1980-05-30",150,1980
"8496","ON","1980-05-25",145,1980
"8497","ON","1981-06-25",176,1981
"8500","ON","1983-06-21",172,1983
"8501","ON","1984-06-09",160,1984
"8502","ON","1984-06-09",160,1984
"8505","ON","1991-05-11",131,1991
"8508","ON","1993-05-21",141,1993
"8509","ON","1993-05-14",134,1993
"8510","ON","1993-05-21",141,1993
"8511","ON","1993-05-29",149,1993
"8513","ON","1993-06-18",169,1993
"8514","ON","1993-05-29",149,1993
"8515","ON","1993-05-26",146,1993
"8516","ON","1993-05-29",149,1993
"8518","ON","1993-05-29",149,1993
"8519","ON","1993-06-11",162,1993
"8520","ON","1993-05-22",142,1993
"8521","ON","1993-05-21",141,1993
"8522","ON","1993-05-13",133,1993
"8523","ON","1996-05-27",147,1996
"8524","ON","1996-05-27",147,1996
"8525","ON","1996-05-28",148,1996
"8526","ON","1996-05-29",149,1996
"8527","ON","1997-06-14",165,1997
"8528","ON","1998-05-23",143,1998
"8529","ON","1999-05-21",141,1999
"8531","ON","1999-05-27",147,1999
"8532","ON","1999-05-28",148,1999
"8537","ON","1950-06-09",160,1950
"8538","ON","1984-06-28",179,1984
"8539","ON","1985-05-25",145,1985
"8540","ON","1987-05-26",146,1987
"8541","ON","1996-06-03",154,1996
"8552","ON","1962-05-31",151,1962
"8554","ON","1967-06-06",157,1967
"8555","ON","1967-05-31",151,1967
"8556","ON","1967-05-28",148,1967
"8558","ON","1967-05-21",141,1967
"8559","ON","1967-06-07",158,1967
"8560","ON","1968-05-22",142,1968
"8561","ON","1968-05-19",139,1968
"8562","ON","1968-05-23",143,1968
"8563","ON","1968-05-25",145,1968
"8564","ON","1968-06-01",152,1968
"8565","ON","1968-05-25",145,1968
"8566","ON","1968-05-13",133,1968
"8567","ON","1968-06-04",155,1968
"8568","ON","1968-05-27",147,1968
"8569","ON","1968-05-24",144,1968
"8570","ON","1968-06-02",153,1968
"8571","ON","1968-05-24",144,1968
"8572","ON","1968-05-23",143,1968
"8573","ON","1968-05-21",141,1968
"8574","ON","1968-05-19",139,1968
"8576","ON","1968-05-22",142,1968
"8578","ON","1968-05-19",139,1968
"8579","ON","1968-05-23",143,1968
"8580","ON","1968-05-25",145,1968
"8581","ON","1968-05-13",133,1968
"8582","ON","1968-06-01",152,1968
"8583","ON","1968-05-12",132,1968
"8584","ON","1968-06-02",153,1968
"8585","ON","1968-05-26",146,1968
"8587","ON","1969-05-13",133,1969
"8588","ON","1969-05-12",132,1969
"8591","ON","1969-05-21",141,1969
"8594","ON","1969-05-18",138,1969
"8597","ON","1969-05-27",147,1969
"8598","ON","1969-06-14",165,1969
"8599","ON","1969-05-24",144,1969
"8600","ON","1969-05-23",143,1969
"8601","ON","1969-05-24",144,1969
"8604","ON","1970-05-24",144,1970
"8605","ON","1970-05-18",138,1970
"8607","ON","1970-05-31",151,1970
"8608","ON","1970-05-22",142,1970
"8613","ON","1970-05-23",143,1970
"8617","ON","1970-05-31",151,1970
"8619","ON","1970-06-24",175,1970
"8620","ON","1970-05-31",151,1970
"8621","ON","1970-05-26",146,1970
"8622","ON","1970-05-12",132,1970
"8623","ON","1972-05-28",148,1972
"8624","ON","1972-05-29",149,1972
"8626","ON","1976-05-28",148,1976
"8627","ON","1977-05-21",141,1977
"8628","ON","1978-05-30",150,1978
"8630","ON","1979-06-15",166,1979
"8631","ON","1979-06-03",154,1979
"8632","ON","1979-05-28",148,1979
"8633","ON","1979-05-29",149,1979
"8635","ON","1979-06-04",155,1979
"8637","ON","1979-06-01",152,1979
"8638","ON","1979-05-24",144,1979
"8639","ON","1979-06-07",158,1979
"8640","ON","1979-06-04",155,1979
"8641","ON","1979-05-30",150,1979
"8642","ON","1979-05-21",141,1979
"8643","ON","1979-06-02",153,1979
"8644","ON","1979-06-03",154,1979
"8645","ON","1979-05-23",143,1979
"8646","ON","1979-05-25",145,1979
"8647","ON","1979-05-26",146,1979
"8648","ON","1979-05-24",144,1979
"8649","ON","1979-06-01",152,1979
"8651","ON","1981-05-09",129,1981
"8657","ON","1981-05-15",135,1981
"8658","ON","1981-05-25",145,1981
"8659","ON","1981-06-04",155,1981
"8660","ON","1981-05-26",146,1981
"8661","ON","1981-05-26",146,1981
"8662","ON","1981-05-19",139,1981
"8663","ON","1981-06-01",152,1981
"8664","ON","1981-06-08",159,1981
"8665","ON","1981-06-07",158,1981
"8666","ON","1981-05-23",143,1981
"8667","ON","1981-06-14",165,1981
"8669","ON","1983-05-23",143,1983
"8670","ON","1988-05-22",142,1988
"8672","ON","1995-05-28",148,1995
"8673","ON","1995-05-26",146,1995
"8674","ON","1995-05-23",143,1995
"8675","ON","1998-05-20",140,1998
"8676","ON","1998-05-19",139,1998
"8688","ON","1950-06-05",156,1950
"8689","ON","1954-05-28",148,1954
"8690","ON","1955-05-18",138,1955
"8691","ON","1956-06-02",153,1956
"8692","ON","1963-06-10",161,1963
"8693","ON","1964-05-27",147,1964
"8694","ON","1964-05-19",139,1964
"8695","ON","1964-05-20",140,1964
"8696","ON","1964-05-18",138,1964
"8697","ON","1965-05-24",144,1965
"8698","ON","1965-05-24",144,1965
"8699","ON","1965-05-28",148,1965
"8700","ON","1965-05-25",145,1965
"8701","ON","1965-05-25",145,1965
"8702","ON","1965-05-22",142,1965
"8703","ON","1965-05-27",147,1965
"8704","ON","1965-05-28",148,1965
"8705","ON","1965-05-23",143,1965
"8706","ON","1967-05-18",138,1967
"8712","ON","1968-06-12",163,1968
"8713","ON","1968-06-05",156,1968
"8714","ON","1969-05-31",151,1969
"8715","ON","1970-06-01",152,1970
"8716","ON","1973-07-18",199,1973
"8717","ON","1975-06-01",152,1975
"8718","ON","1975-06-05",156,1975
"8719","ON","1975-05-27",147,1975
"8720","ON","1975-05-28",148,1975
"8721","ON","1975-05-28",148,1975
"8722","ON","1980-05-31",151,1980
"8723","ON","1981-06-07",158,1981
"8724","ON","1981-05-22",142,1981
"8725","ON","1981-05-29",149,1981
"8726","ON","1981-05-29",149,1981
"8727","ON","1981-05-28",148,1981
"8728","ON","1998-05-16",136,1998
"8729","ON","1998-05-15",135,1998
"8731","ON","1970-05-27",147,1970
"8732","ON","1974-05-24",144,1974
"8733","ON","1975-06-23",174,1975
"8734","ON","1975-06-27",178,1975
"8735","ON","1975-06-30",181,1975
"8736","ON","1976-05-26",146,1976
"8737","ON","1979-06-05",156,1979
"8738","ON","1983-06-05",156,1983
"8739","ON","1984-06-04",155,1984
"8740","ON","1987-05-26",146,1987
"8741","ON","1996-06-28",179,1996
"8742","ON","1975-06-02",153,1975
"8743","ON","1975-05-29",149,1975
"8744","ON","1975-05-29",149,1975
"8745","ON","1975-06-02",153,1975
"8746","ON","1975-05-31",151,1975
"8747","ON","1977-05-30",150,1977
"8748","ON","1978-05-28",148,1978
"8749","ON","1980-06-04",155,1980
"8750","ON","1980-05-27",147,1980
"8751","ON","1980-05-26",146,1980
"8752","ON","1980-05-27",147,1980
"8753","ON","1980-05-22",142,1980
"8754","ON","1980-05-25",145,1980
"8755","ON","1980-06-06",157,1980
"8756","ON","1981-05-21",141,1981
"8757","ON","1981-06-08",159,1981
"8758","ON","1981-05-26",146,1981
"8759","ON","1982-05-18",138,1982
"8760","ON","1988-05-16",136,1988
"8761","ON","1988-06-17",168,1988
"8762","ON","1988-05-16",136,1988
"8763","ON","1988-06-03",154,1988
"8764","ON","1991-06-01",152,1991
"8765","ON","1992-06-07",158,1992
"8766","ON","1993-05-27",147,1993
"8767","ON","1993-06-04",155,1993
"8768","ON","1996-05-27",147,1996
"8769","ON","1998-06-06",157,1998
"8771","ON","1998-06-08",159,1998
"8773","ON","1979-06-08",159,1979
"8774","ON","1982-05-26",146,1982
"8775","ON","1959-06-02",153,1959
"8776","ON","1961-06-24",175,1961
"8777","ON","1961-06-20",171,1961
"8778","ON","1961-06-16",167,1961
"8779","ON","1964-05-25",145,1964
"8780","ON","1964-05-28",148,1964
"8781","ON","1964-05-27",147,1964
"8782","ON","1964-05-28",148,1964
"8783","ON","1964-05-20",140,1964
"8784","ON","1965-05-20",140,1965
"8785","ON","1966-06-08",159,1966
"8786","ON","1966-06-20",171,1966
"8787","ON","1966-07-17",198,1966
"8788","ON","1967-06-19",170,1967
"8789","ON","1967-06-19",170,1967
"8790","ON","1967-06-18",169,1967
"8791","ON","1967-05-29",149,1967
"8792","ON","1967-06-08",159,1967
"8793","ON","1967-06-01",152,1967
"8794","ON","1967-05-25",145,1967
"8795","ON","1968-05-26",146,1968
"8796","ON","1968-05-17",137,1968
"8797","ON","1968-06-08",159,1968
"8798","ON","1969-06-01",152,1969
"8799","ON","1969-05-23",143,1969
"8800","ON","1969-06-12",163,1969
"8802","ON","1969-05-31",151,1969
"8803","ON","1969-05-26",146,1969
"8804","ON","1969-05-27",147,1969
"8805","ON","1969-06-02",153,1969
"8806","ON","1969-05-31",151,1969
"8807","ON","1969-05-15",135,1969
"8808","ON","1970-05-31",151,1970
"8809","ON","1970-06-20",171,1970
"8811","ON","1970-05-31",151,1970
"8812","ON","1970-06-22",173,1970
"8813","ON","1970-06-20",171,1970
"8814","ON","1970-06-01",152,1970
"8815","ON","1970-05-20",140,1970
"8816","ON","1970-05-22",142,1970
"8817","ON","1970-06-10",161,1970
"8818","ON","1970-05-31",151,1970
"8819","ON","1970-05-21",141,1970
"8820","ON","1970-05-22",142,1970
"8821","ON","1971-05-30",150,1971
"8822","ON","1971-06-01",152,1971
"8823","ON","1971-05-30",150,1971
"8824","ON","1971-06-08",159,1971
"8825","ON","1971-05-30",150,1971
"8827","ON","1971-05-31",151,1971
"8828","ON","1971-06-15",166,1971
"8829","ON","1971-05-24",144,1971
"8830","ON","1971-06-01",152,1971
"8833","ON","1971-05-18",138,1971
"8834","ON","1971-05-29",149,1971
"8835","ON","1973-05-28",148,1973
"8836","ON","1973-05-26",146,1973
"8837","ON","1973-06-03",154,1973
"8838","ON","1973-06-18",169,1973
"8840","ON","1973-05-29",149,1973
"8841","ON","1973-05-27",147,1973
"8842","ON","1973-05-26",146,1973
"8844","ON","1973-06-11",162,1973
"8845","ON","1973-06-11",162,1973
"8846","ON","1974-06-13",164,1974
"8847","ON","1974-06-08",159,1974
"8848","ON","1975-05-28",148,1975
"8849","ON","1975-05-17",137,1975
"8850","ON","1975-06-07",158,1975
"8854","ON","1975-06-27",178,1975
"8856","ON","1976-06-11",162,1976
"8857","ON","1976-06-30",181,1976
"8859","ON","1977-06-14",165,1977
"8860","ON","1977-06-04",155,1977
"8861","ON","1977-06-22",173,1977
"8862","ON","1977-06-11",162,1977
"8863","ON","1977-06-09",160,1977
"8864","ON","1977-06-19",170,1977
"8865","ON","1979-05-28",148,1979
"8866","ON","1979-05-27",147,1979
"8868","ON","1982-05-28",148,1982
"8869","ON","1982-06-04",155,1982
"8871","ON","1983-05-17",137,1983
"8872","ON","1995-05-30",150,1995
"8873","ON","1998-05-25",145,1998
"8875","ON","1975-06-19",170,1975
"8876","ON","1975-05-26",146,1975
"8877","ON","1975-05-27",147,1975
"8878","ON","1976-06-03",154,1976
"8879","ON","1976-05-23",143,1976
"8880","ON","1976-05-29",149,1976
"8881","ON","1976-06-03",154,1976
"8882","ON","1976-05-25",145,1976
"8883","ON","1976-05-27",147,1976
"8884","ON","1977-06-08",159,1977
"8885","ON","1977-06-11",162,1977
"8886","ON","1977-05-30",150,1977
"8887","ON","1977-06-14",165,1977
"8888","ON","1979-06-06",157,1979
"8889","ON","1979-05-28",148,1979
"8890","ON","1979-05-20",140,1979
"8891","ON","1979-05-21",141,1979
"8892","ON","1980-06-22",173,1980
"8893","ON","1980-06-10",161,1980
"8894","ON","1980-06-03",154,1980
"8895","ON","1980-06-02",153,1980
"8896","ON","1980-05-21",141,1980
"8897","ON","1980-05-17",137,1980
"8898","ON","1980-05-25",145,1980
"8899","ON","1981-05-29",149,1981
"8900","ON","1981-06-03",154,1981
"8901","ON","1981-05-30",150,1981
"8902","ON","1981-05-23",143,1981
"8903","ON","1981-05-26",146,1981
"8904","ON","1981-05-27",147,1981
"8905","ON","1982-05-18",138,1982
"8906","ON","1982-05-20",140,1982
"8907","ON","1982-05-19",139,1982
"8908","ON","1984-06-23",174,1984
"8909","ON","1981-05-21",141,1981
"8911","ON","1982-05-25",145,1982
"8912","ON","1982-05-26",146,1982
"8913","ON","1982-05-15",135,1982
"8915","ON","1982-05-25",145,1982
"8916","ON","1982-05-25",145,1982
"8917","ON","1969-06-18",169,1969
"8918","ON","1970-05-25",145,1970
"8919","ON","1971-06-03",154,1971
"8920","ON","1971-06-09",160,1971
"8921","ON","1973-06-19",170,1973
"8922","ON","1974-06-08",159,1974
"8923","ON","1974-07-15",196,1974
"8924","ON","1978-05-29",149,1978
"8925","ON","1979-07-01",182,1979
"8928","ON","1985-06-03",154,1985
"8945","ON","1965-06-20",171,1965
"8946","ON","1965-06-22",173,1965
"8948","ON","1979-06-22",173,1979
"8949","ON","1983-06-24",175,1983
"8950","ON","1983-06-10",161,1983
"8951","ON","1984-06-26",177,1984
"8952","ON","1984-06-27",178,1984
"8953","ON","1984-06-17",168,1984
"8954","ON","1984-06-26",177,1984
"8955","ON","1984-06-10",161,1984
"8956","ON","1984-06-26",177,1984
"8957","ON","1984-06-28",179,1984
"8958","ON","1984-07-05",186,1984
"8959","ON","1984-06-18",169,1984
"8960","ON","1984-07-02",183,1984
"8961","ON","1990-06-18",169,1990
"8967","ON","1953-05-27",147,1953
"8969","ON","1953-05-17",137,1953
"8971","ON","1953-05-26",146,1953
"8973","ON","1953-05-29",149,1953
"8974","ON","1953-05-30",150,1953
"8975","ON","1953-05-29",149,1953
"8976","ON","1953-05-30",150,1953
"8977","ON","1953-06-01",152,1953
"8979","ON","1953-05-31",151,1953
"8980","ON","1953-05-31",151,1953
"8981","ON","1953-06-01",152,1953
"8982","ON","1953-06-02",153,1953
"8983","ON","1953-06-01",152,1953
"8984","ON","1953-06-02",153,1953
"8985","ON","1953-06-02",153,1953
"8987","ON","1953-06-06",157,1953
"8991","ON","1954-06-12",163,1954
"8992","ON","1954-06-19",170,1954
"8993","ON","1954-05-31",151,1954
"8997","ON","1954-05-22",142,1954
"8999","ON","1955-06-05",156,1955
"9001","ON","1955-06-06",157,1955
"9002","ON","1955-05-24",144,1955
"9003","ON","1954-05-27",147,1954
"9004","ON","1955-05-16",136,1955
"9006","ON","1955-05-16",136,1955
"9015","ON","1956-06-02",153,1956
"9016","ON","1956-05-26",146,1956
"9017","ON","1956-05-29",149,1956
"9018","ON","1956-05-24",144,1956
"9020","ON","1956-05-28",148,1956
"9021","ON","1956-05-27",147,1956
"9022","ON","1957-05-31",151,1957
"9023","ON","1957-06-09",160,1957
"9024","ON","1958-06-23",174,1958
"9027","ON","1958-06-16",167,1958
"9028","ON","1959-06-02",153,1959
"9029","ON","1959-05-26",146,1959
"9030","ON","1959-05-14",134,1959
"9031","ON","1959-05-27",147,1959
"9032","ON","1959-05-23",143,1959
"9033","ON","1959-05-25",145,1959
"9034","ON","1959-05-24",144,1959
"9035","ON","1959-05-25",145,1959
"9036","ON","1959-05-24",144,1959
"9037","ON","1959-05-24",144,1959
"9038","ON","1959-05-23",143,1959
"9039","ON","1959-05-25",145,1959
"9047","ON","1959-06-06",157,1959
"9052","ON","1961-05-29",149,1961
"9053","ON","1961-05-22",142,1961
"9054","ON","1961-06-01",152,1961
"9055","ON","1961-06-01",152,1961
"9056","ON","1961-05-25",145,1961
"9060","ON","1965-05-21",141,1965
"9062","ON","1965-05-27",147,1965
"9063","ON","1967-05-16",136,1967
"9065","ON","1968-05-17",137,1968
"9066","ON","1968-05-16",136,1968
"9067","ON","1968-05-20",140,1968
"9068","ON","1968-05-23",143,1968
"9073","ON","1969-05-20",140,1969
"9074","ON","1969-06-03",154,1969
"9075","ON","1969-06-03",154,1969
"9078","ON","1969-05-30",150,1969
"9079","ON","1969-05-28",148,1969
"9080","ON","1970-05-28",148,1970
"9081","ON","1976-05-19",139,1976
"9082","ON","1976-05-19",139,1976
"9083","ON","1976-05-19",139,1976
"9084","ON","1976-05-20",140,1976
"9085","ON","1976-05-24",144,1976
"9086","ON","1976-06-02",153,1976
"9087","ON","1976-05-17",137,1976
"9088","ON","1976-05-26",146,1976
"9089","ON","1976-05-25",145,1976
"9090","ON","1976-05-26",146,1976
"9091","ON","1976-05-26",146,1976
"9092","ON","1976-05-24",144,1976
"9094","ON","1976-05-20",140,1976
"9095","ON","1976-05-27",147,1976
"9096","ON","1976-06-01",152,1976
"9097","ON","1976-06-09",160,1976
"9098","ON","1976-06-04",155,1976
"9099","ON","1976-05-26",146,1976
"9100","ON","1976-06-04",155,1976
"9101","ON","1976-05-25",145,1976
"9102","ON","1976-05-27",147,1976
"9103","ON","1977-06-08",159,1977
"9104","ON","1977-05-22",142,1977
"9105","ON","1977-06-02",153,1977
"9106","ON","1977-05-29",149,1977
"9107","ON","1977-05-25",145,1977
"9108","ON","1977-05-21",141,1977
"9109","ON","1977-05-15",135,1977
"9110","ON","1977-05-23",143,1977
"9111","ON","1977-05-17",137,1977
"9112","ON","1977-05-18",138,1977
"9113","ON","1977-05-17",137,1977
"9114","ON","1978-05-29",149,1978
"9116","ON","1978-05-25",145,1978
"9117","ON","1978-06-02",153,1978
"9118","ON","1978-05-28",148,1978
"9119","ON","1978-06-01",152,1978
"9121","ON","1978-06-11",162,1978
"9122","ON","1979-06-04",155,1979
"9123","ON","1979-05-30",150,1979
"9125","ON","1980-05-29",149,1980
"9126","ON","1980-05-30",150,1980
"9127","ON","1980-05-29",149,1980
"9128","ON","1980-06-04",155,1980
"9129","ON","1981-05-30",150,1981
"9131","ON","1981-05-25",145,1981
"9132","ON","1981-06-03",154,1981
"9133","ON","1981-05-28",148,1981
"9134","ON","1982-06-02",153,1982
"9135","ON","1982-06-05",156,1982
"9137","ON","1982-05-20",140,1982
"9139","ON","1982-05-11",131,1982
"9140","ON","1982-05-25",145,1982
"9143","ON","1982-05-18",138,1982
"9144","ON","1982-05-16",136,1982
"9145","ON","1982-05-19",139,1982
"9147","ON","1983-05-28",148,1983
"9148","ON","1983-05-26",146,1983
"9149","ON","1983-06-04",155,1983
"9150","ON","1983-06-04",155,1983
"9153","ON","1983-06-06",157,1983
"9154","ON","1983-05-31",151,1983
"9155","ON","1983-06-04",155,1983
"9156","ON","1983-05-23",143,1983
"9157","ON","1983-05-26",146,1983
"9159","ON","1983-05-26",146,1983
"9162","ON","1983-05-28",148,1983
"9163","ON","1983-05-20",140,1983
"9167","ON","1984-05-28",148,1984
"9168","ON","1984-06-28",179,1984
"9171","ON","1985-05-16",136,1985
"9172","ON","1985-05-13",133,1985
"9174","ON","1986-07-01",182,1986
"9176","ON","1988-05-24",144,1988
"9177","ON","1988-05-24",144,1988
"9179","ON","1988-06-09",160,1988
"9180","ON","1989-06-02",153,1989
"9181","ON","1989-06-01",152,1989
"9183","ON","1998-05-26",146,1998
"9184","ON","1999-05-16",136,1999
"9191","ON","1973-06-11",162,1973
"9192","ON","1982-06-07",158,1982
"9194","ON","1983-06-02",153,1983
"9195","ON","1984-07-09",190,1984
"9196","ON","1985-05-24",144,1985
"9204","ON","1953-05-22",142,1953
"9206","ON","1955-06-16",167,1955
"9208","ON","1978-05-25",145,1978
"9211","ON","1967-06-07",158,1967
"9212","ON","1968-05-11",131,1968
"9213","ON","1976-06-01",152,1976
"9214","ON","1972-05-27",147,1972
"9216","ON","1974-06-04",155,1974
"9217","ON","1974-06-04",155,1974
"9218","ON","1975-06-02",153,1975
"9221","ON","1976-05-28",148,1976
"9222","ON","1976-05-27",147,1976
"9223","ON","1976-05-26",146,1976
"9224","ON","1976-07-06",187,1976
"9225","ON","1976-05-26",146,1976
"9226","ON","1976-05-26",146,1976
"9227","ON","1976-05-26",146,1976
"9229","ON","1977-06-07",158,1977
"9230","ON","1977-06-02",153,1977
"9231","ON","1977-06-13",164,1977
"9232","ON","1977-05-15",135,1977
"9233","ON","1977-05-28",148,1977
"9234","ON","1977-06-05",156,1977
"9235","ON","1977-05-30",150,1977
"9236","ON","1977-06-05",156,1977
"9237","ON","1977-06-09",160,1977
"9238","ON","1977-07-01",182,1977
"9239","ON","1978-05-23",143,1978
"9240","ON","1978-05-27",147,1978
"9241","ON","1978-06-02",153,1978
"9242","ON","1978-06-04",155,1978
"9243","ON","1978-06-19",170,1978
"9244","ON","1980-05-15",135,1980
"9245","ON","1980-05-21",141,1980
"9246","ON","1980-05-22",142,1980
"9250","ON","1978-06-14",165,1978
"9251","ON","1978-06-23",174,1978
"9252","ON","1978-06-12",163,1978
"9253","ON","1978-06-01",152,1978
"9267","ON","1962-05-25",145,1962
"9268","ON","1962-05-25",145,1962
"9269","ON","1962-05-26",146,1962
"9270","ON","1962-05-26",146,1962
"9271","ON","1964-05-14",134,1964
"9272","ON","1964-05-15",135,1964
"9273","ON","1965-06-10",161,1965
"9274","ON","1965-05-16",136,1965
"9275","ON","1965-05-15",135,1965
"9276","ON","1966-05-26",146,1966
"9277","ON","1966-05-19",139,1966
"9278","ON","1967-06-02",153,1967
"9279","ON","1967-06-10",161,1967
"9280","ON","1967-06-05",156,1967
"9281","ON","1968-06-06",157,1968
"9282","ON","1968-05-25",145,1968
"9283","ON","1969-05-30",150,1969
"9284","ON","1969-06-17",168,1969
"9285","ON","1972-06-18",169,1972
"9287","ON","1974-06-11",162,1974
"9289","ON","1977-06-10",161,1977
"9290","ON","1981-06-04",155,1981
"9291","ON","1981-05-31",151,1981
"9292","ON","1981-06-01",152,1981
"9293","ON","1982-06-19",170,1982
"9345","ON","1955-06-14",165,1955
"9348","ON","1972-06-24",175,1972
"9350","ON","1972-06-23",174,1972
"9351","ON","1972-05-21",141,1972
"9352","ON","1976-05-16",136,1976
"9357","ON","1972-06-13",164,1972
"9358","ON","1973-05-28",148,1973
"9360","ON","1976-06-03",154,1976
"9361","ON","1976-05-28",148,1976
"9362","ON","1982-06-06",157,1982
"9363","ON","1983-05-30",150,1983
"9364","ON","1983-05-29",149,1983
"9365","ON","1994-06-03",154,1994
"9366","ON","1995-06-01",152,1995
"9367","ON","1995-05-29",149,1995
"9373","ON","1975-05-22",142,1975
"9374","ON","1979-05-23",143,1979
"9375","ON","1982-06-20",171,1982
"9376","ON","1982-05-20",140,1982
"9377","ON","1983-05-28",148,1983
"9378","ON","1989-05-31",151,1989
"9379","ON","1994-06-11",162,1994
"9380","ON","1994-05-28",148,1994
"9381","ON","1997-06-13",164,1997
"9382","ON","1998-05-20",140,1998
"9383","ON","1998-06-09",160,1998
"9384","ON","1999-06-26",177,1999
"9385","ON","1999-05-30",150,1999
"9386","ON","1999-05-24",144,1999
"9397","ON","1970-07-02",183,1970
"9398","ON","1981-06-02",153,1981
"9400","ON","1983-06-15",166,1983
"9401","ON","1983-06-03",154,1983
"9403","ON","1984-06-10",161,1984
"9404","ON","1984-06-22",173,1984
"9405","ON","1992-06-01",152,1992
"9406","ON","1994-06-03",154,1994
"9407","ON","1998-06-01",152,1998
"9413","ON","1974-06-13",164,1974
"9414","ON","1974-05-22",142,1974
"9416","ON","1962-06-25",176,1962
"9418","ON","1964-05-29",149,1964
"9419","ON","1966-06-05",156,1966
"9420","ON","1967-05-20",140,1967
"9421","ON","1967-05-29",149,1967
"9422","ON","1967-06-17",168,1967
"9423","ON","1967-06-09",160,1967
"9424","ON","1967-05-28",148,1967
"9425","ON","1967-06-03",154,1967
"9426","ON","1968-05-25",145,1968
"9428","ON","1968-05-27",147,1968
"9429","ON","1968-06-13",164,1968
"9430","ON","1969-05-29",149,1969
"9431","ON","1969-05-24",144,1969
"9432","ON","1969-06-06",157,1969
"9433","ON","1969-05-25",145,1969
"9434","ON","1969-06-18",169,1969
"9436","ON","1967-06-21",172,1967
"9437","ON","1970-05-30",150,1970
"9438","ON","1970-05-17",137,1970
"9439","ON","1970-05-22",142,1970
"9440","ON","1970-05-19",139,1970
"9441","ON","1970-05-22",142,1970
"9442","ON","1971-05-25",145,1971
"9443","ON","1971-05-25",145,1971
"9445","ON","1971-06-02",153,1971
"9446","ON","1971-06-09",160,1971
"9448","ON","1972-05-30",150,1972
"9449","ON","1972-05-31",151,1972
"9450","ON","1972-06-09",160,1972
"9451","ON","1972-06-30",181,1972
"9452","ON","1973-06-06",157,1973
"9453","ON","1978-05-27",147,1978
"9454","ON","1978-06-02",153,1978
"9456","ON","1979-05-23",143,1979
"9458","ON","1996-06-14",165,1996
"9459","ON","1996-06-16",167,1996
"9462","ON","1997-06-03",154,1997
